{
  "default_prefix": "file_",
  "default_suffix": "",
  "keep_original_extension": true,
  "backup_before_rename": true,
  "auto_create_backup": true,
  "log_level": "INFO",
  "date_format": "YYYYMMDD_HHMMSS",
  "auto_increment_digits": 3,
  "exclude_patterns": [
    ".DS_Store",
    "Thumbs.db",
    "desktop.ini",
    "*.tmp",
    "~*"
  ],
  "supported_extensions": [
    ".txt", ".md", ".pdf", ".doc", ".docx",
    ".xls", ".xlsx", ".ppt", ".pptx",
    ".jpg", ".jpeg", ".png", ".gif", ".bmp",
    ".mp4", ".avi", ".mov", ".mkv",
    ".mp3", ".wav", ".flac",
    ".zip", ".rar", ".7z"
  ],
  "naming_conventions": {
    "max_length": 255,
    "illegal_chars": "\\/*?:\"<>|",
    "recommended_separator": "_"
  },
  "advanced_options": {
    "preserve_file_dates": true,
    "unicode_normalization": "NFC",
    "case_sensitive": false
  }
}